Designator,Mid X,Mid Y,Rotation,Layer
D10,152.4,-68.10375,90.0,bottom
D11,166.6875,-68.10375,90.0,bottom
D12,109.5375,-82.39125,90.0,bottom
D13,123.825,-82.39125,90.0,bottom
D14,138.1125,-82.39125,90.0,bottom
D15,152.4,-82.39125,90.0,bottom
D16,166.6875,-82.39125,90.0,bottom
D2,109.5375,-53.81625,90.0,bottom
D3,123.825,-53.81625,90.0,bottom
D4,138.1125,-53.81625,90.0,bottom
D5,152.4,-53.81625,90.0,bottom
D6,166.6875,-53.81625,90.0,bottom
D7,109.5375,-68.10375,90.0,bottom
D8,123.825,-68.10375,90.0,bottom
D9,138.1125,-68.10375,90.0,bottom
S1,102.235,-52.92125,0.0,top
S10,145.0975,-67.20875,0.0,top
S11,159.385,-67.20875,0.0,top
S12,102.235,-81.49625,0.0,top
S13,116.5225,-81.49625,0.0,top
S14,130.65125,-81.49625,0.0,top
S15,145.0975,-81.49625,0.0,top
S16,159.385,-81.49625,0.0,top
S2,116.5225,-52.92125,0.0,top
S3,130.81,-52.92125,0.0,top
S4,145.0975,-52.92125,0.0,top
S5,159.385,-52.92125,0.0,top
S7,102.235,-67.20875,0.0,top
S8,116.5225,-67.20875,0.0,top
S9,130.81,-67.20875,0.0,top
U1,183.1848,-61.4426,0.0,top
